{"cameraMode":{"drawMode":0,"name":"Shaded","section":"Shading Mode"},"sceneLighting":false,"audioPlay":false,"sceneViewState":{"showFog":true,"showMaterialUpdate":false,"showSkybox":false,"showFlares":true,"showImageEffects":true,"showParticleSystems":true},"in2DMode":false,"pivot":{"x":1.2622795104980469,"y":-0.0758359432220459,"z":-2.7632293701171877},"rotation":{"x":0.04250891134142876,"y":0.17502430081367494,"z":0.007564003113657236,"w":-0.9836169481277466},"size":51.64985275268555,"orthographic":false}