{"cameraMode":{"drawMode":0,"name":"Shaded","section":"Shading Mode"},"sceneLighting":false,"audioPlay":false,"sceneViewState":{"showFog":true,"showMaterialUpdate":false,"showSkybox":false,"showFlares":true,"showImageEffects":true,"showParticleSystems":true},"in2DMode":false,"pivot":{"x":5.309999942779541,"y":1.2127968072891236,"z":22.639999389648439},"rotation":{"x":-0.17355941236019135,"y":0.7297431826591492,"z":-0.2010280042886734,"w":-0.6300315260887146},"size":1.3438992500305176,"orthographic":false}