{"cameraMode":{"drawMode":0,"name":"Shaded","section":"Shading Mode"},"sceneLighting":false,"audioPlay":false,"sceneViewState":{"showFog":true,"showMaterialUpdate":false,"showSkybox":false,"showFlares":true,"showImageEffects":true,"showParticleSystems":true},"in2DMode":false,"pivot":{"x":4.591103553771973,"y":2.3477530479431154,"z":8.228206634521485},"rotation":{"x":-0.1836111843585968,"y":0.7196913957595825,"z":-0.20758187770843507,"w":-0.6365854144096375},"size":13.5419340133667,"orthographic":false}