{"cameraMode":{"drawMode":0,"name":"Shaded","section":"Shading Mode"},"sceneLighting":false,"audioPlay":false,"sceneViewState":{"showFog":true,"showMaterialUpdate":false,"showSkybox":false,"showFlares":true,"showImageEffects":true,"showParticleSystems":true},"in2DMode":false,"pivot":{"x":8.279999732971192,"y":0.548424482345581,"z":8.478137969970704},"rotation":{"x":-0.1836111843585968,"y":0.7196913957595825,"z":-0.20758187770843507,"w":-0.6365854144096375},"size":1.5288474559783936,"orthographic":false}